"DESCRIPTION","DURATION IN MS","NAME","PARENT SUITE","START TIME","STATUS","STOP TIME","SUB SUITE","SUITE","TEST CLASS","TEST METHOD"
"","246","Page loads","chromium","2026-04-04","passed","2026-04-04","Bookings Page Tests","bookings.spec.js","",""
"","1421","Login with empty email","firefox","2026-04-04","passed","2026-04-04","","login.spec.js","",""
"","69","Get User By ID","chromium","2026-04-04","passed","2026-04-04","Stable API Tests (Using Existing Data)","api.spec.js","",""
"","513","Payment success flow","chromium","2026-04-04","passed","2026-04-04","Payment Page Capstone Tests","payment.spec.js","",""
"","2957","SQL Injection should fail","webkit","2026-04-04","passed","2026-04-04","NFR Tests","NFR.spec.js","",""
"","2565","Register with spaces in email","webkit","2026-04-04","passed","2026-04-04","","register.spec.js","",""
"","2279","slots should render","chromium","2026-04-04","passed","2026-04-04","Slots Page - Dynamic Slot Testing","slots.spec.js","",""
"","20","Get All Bookings","chromium","2026-04-04","passed","2026-04-04","Stable API Tests (Using Existing Data)","api.spec.js","",""
"","624","Payment page loads","firefox","2026-04-04","passed","2026-04-04","Payment Page Capstone Tests","payment.spec.js","",""
"","373","Handle booking failure alert","chromium","2026-04-04","passed","2026-04-04","Booking Page Capstone Tests","Booking.spec.js","",""
"","1822","Verify Login navigation","firefox","2026-04-04","passed","2026-04-04","Services Page UI Tests","services.spec.js","",""
"","14","Get Payment By ID","firefox","2026-04-04","passed","2026-04-04","Stable API Tests (Using Existing Data)","api.spec.js","",""
"","3214","redirect to login if not logged in","firefox","2026-04-04","passed","2026-04-04","Slots Page - Dynamic Slot Testing","slots.spec.js","",""
"","940","Cancel button navigation","firefox","2026-04-04","passed","2026-04-04","Booking Page Capstone Tests","Booking.spec.js","",""
"","1137","Register with short password","firefox","2026-04-04","passed","2026-04-04","","register.spec.js","",""
"","570","Direct booking page access","webkit","2026-04-04","passed","2026-04-04","NFR Tests","NFR.spec.js","",""
"","551","User ID is displayed","webkit","2026-04-04","passed","2026-04-04","Profile Page Tests","profile.spec.js","",""
"","664","Verify serviceId present in redirect URL","chromium","2026-04-04","passed","2026-04-04","Services Page UI Tests","services.spec.js","",""
"","784","Pay Now button visible","firefox","2026-04-04","passed","2026-04-04","Bookings Page Tests","bookings.spec.js","",""
"","640","Verify navbar visible","webkit","2026-04-04","passed","2026-04-04","Services Page UI Tests","services.spec.js","",""
"","7160","slot format AM/PM","chromium","2026-04-04","passed","2026-04-04","Slots Page - Dynamic Slot Testing","slots.spec.js","",""
"","775","Price displayed correctly","webkit","2026-04-04","passed","2026-04-04","Payment Page Capstone Tests","payment.spec.js","",""
"","499","Navbar is visible","webkit","2026-04-04","passed","2026-04-04","Profile Page Tests","profile.spec.js","",""
"","2761","slot count valid","firefox","2026-04-04","passed","2026-04-04","Slots Page - Dynamic Slot Testing","slots.spec.js","",""
"","1604","Login with empty password","chromium","2026-04-04","passed","2026-04-04","","login.spec.js","",""
"","1680","Booking card count greater than zero","firefox","2026-04-04","passed","2026-04-04","Bookings Page Tests","bookings.spec.js","",""
"","522","Logout button visible","webkit","2026-04-04","passed","2026-04-04","Profile Page Tests","profile.spec.js","",""
"","534","Booking page content visible","webkit","2026-04-04","passed","2026-04-04","NFR Tests","NFR.spec.js","",""
"","862","Booking page should not crash","webkit","2026-04-04","passed","2026-04-04","NFR Tests","NFR.spec.js","",""
"","936","Time displayed correctly","webkit","2026-04-04","passed","2026-04-04","Payment Page Capstone Tests","payment.spec.js","",""
"","1149","Price displayed correctly","firefox","2026-04-04","passed","2026-04-04","Payment Page Capstone Tests","payment.spec.js","",""
"","673","Page refresh retains data","webkit","2026-04-04","passed","2026-04-04","Booking Page Capstone Tests","Booking.spec.js","",""
"","920","Login with empty password","webkit","2026-04-04","passed","2026-04-04","","login.spec.js","",""
"","2292","Payment options visible","firefox","2026-04-04","passed","2026-04-04","Payment Page Capstone Tests","payment.spec.js","",""
"","824","Verify Services link visible","webkit","2026-04-04","passed","2026-04-04","Services Page UI Tests","services.spec.js","",""
"","5090","Register with long name","chromium","2026-04-04","passed","2026-04-04","","register.spec.js","",""
"","325","Verify Book Now button exists","chromium","2026-04-04","passed","2026-04-04","Services Page UI Tests","services.spec.js","",""
"","331","Page title should exist","chromium","2026-04-04","passed","2026-04-04","NFR Tests","NFR.spec.js","",""
"","934","Confirm button visible","firefox","2026-04-04","passed","2026-04-04","Booking Page Capstone Tests","Booking.spec.js","",""
"","2422","Register with empty confirm password","chromium","2026-04-04","passed","2026-04-04","","register.spec.js","",""
"","3151","service info loads","firefox","2026-04-04","passed","2026-04-04","Slots Page - Dynamic Slot Testing","slots.spec.js","",""
"","654","Booking cards load","firefox","2026-04-04","passed","2026-04-04","Bookings Page Tests","bookings.spec.js","",""
"","263","Service name visible","chromium","2026-04-04","passed","2026-04-04","Bookings Page Tests","bookings.spec.js","",""
"","1091","Slot time displayed","firefox","2026-04-04","passed","2026-04-04","Booking Page Capstone Tests","Booking.spec.js","",""
"","4369","only one slot selected","webkit","2026-04-04","passed","2026-04-04","Slots Page - Dynamic Slot Testing","slots.spec.js","",""
"","1298","Login with valid credentials","webkit","2026-04-04","passed","2026-04-04","","login.spec.js","",""
"","511","Account status is Active","webkit","2026-04-04","passed","2026-04-04","Profile Page Tests","profile.spec.js","",""
"","1014","Register with empty email","firefox","2026-04-04","passed","2026-04-04","","register.spec.js","",""
"","952","Logout redirects to login","firefox","2026-04-04","passed","2026-04-04","Profile Page Tests","profile.spec.js","",""
"","22","Booking status validation","chromium","2026-04-04","failed","2026-04-04","","database.spec.js","",""
"","655","Verify service images are visible","firefox","2026-04-04","passed","2026-04-04","Services Page UI Tests","services.spec.js","",""
"","16019","Handle booking success redirect","firefox","2026-04-04","passed","2026-04-04","Booking Page Capstone Tests","Booking.spec.js","",""
"","1182","Confirm booking API request","firefox","2026-04-04","passed","2026-04-04","Booking Page Capstone Tests","Booking.spec.js","",""
"","515","Page loads","webkit","2026-04-04","passed","2026-04-04","Bookings Page Tests","bookings.spec.js","",""
"","523","Login page load time under 10 seconds","webkit","2026-04-04","passed","2026-04-04","NFR Tests","NFR.spec.js","",""
"","824","Invalid login should stay on login page","firefox","2026-04-04","passed","2026-04-04","NFR Tests","NFR.spec.js","",""
"","3288","alert if no slot selected","firefox","2026-04-04","passed","2026-04-04","Slots Page - Dynamic Slot Testing","slots.spec.js","",""
"","1020","Account status is Active","chromium","2026-04-04","passed","2026-04-04","Profile Page Tests","profile.spec.js","",""
"","210","Pay Now redirects","chromium","2026-04-04","passed","2026-04-04","Bookings Page Tests","bookings.spec.js","",""
"","4","Haircut service price validation","webkit","2026-04-04","passed","2026-04-04","","database.spec.js","",""
"","1564","Register with all fields empty","firefox","2026-04-04","passed","2026-04-04","","register.spec.js","",""
"","1874","Services page loads repeatedly","firefox","2026-04-04","passed","2026-04-04","NFR Tests","NFR.spec.js","",""
"","695","Verify service prices exist","webkit","2026-04-04","passed","2026-04-04","Services Page UI Tests","services.spec.js","",""
"","760","Verify service prices exist","chromium","2026-04-04","passed","2026-04-04","Services Page UI Tests","services.spec.js","",""
"","870","Page refresh retains data","firefox","2026-04-04","passed","2026-04-04","Booking Page Capstone Tests","Booking.spec.js","",""
"","11","Payment table should not be empty","firefox","2026-04-04","passed","2026-04-04","","database.spec.js","",""
"","2037","Register with empty name","firefox","2026-04-04","passed","2026-04-04","","register.spec.js","",""
"","5","Booking status validation","firefox","2026-04-04","failed","2026-04-04","","database.spec.js","",""
"","1145","Login page DOM loads correctly","chromium","2026-04-04","passed","2026-04-04","NFR Tests","NFR.spec.js","",""
"","729","Login page load time under 10 seconds","firefox","2026-04-04","passed","2026-04-04","NFR Tests","NFR.spec.js","",""
"","1063","Profile page loads","firefox","2026-04-04","passed","2026-04-04","Profile Page Tests","profile.spec.js","",""
"","1563","Verify services page heading","webkit","2026-04-04","passed","2026-04-04","Services Page UI Tests","services.spec.js","",""
"","292","Booking cards load","chromium","2026-04-04","passed","2026-04-04","Bookings Page Tests","bookings.spec.js","",""
"","2358","Register with empty name","chromium","2026-04-04","passed","2026-04-04","","register.spec.js","",""
"","458","Slot time displayed","chromium","2026-04-04","passed","2026-04-04","Booking Page Capstone Tests","Booking.spec.js","",""
"","2802","service info loads","webkit","2026-04-04","passed","2026-04-04","Slots Page - Dynamic Slot Testing","slots.spec.js","",""
"","2764","Slow network booking","firefox","2026-04-04","passed","2026-04-04","Booking Page Capstone Tests","Booking.spec.js","",""
"","1656","Verify serviceId present in redirect URL","firefox","2026-04-04","passed","2026-04-04","Services Page UI Tests","services.spec.js","",""
"","2725","slot click does not reload page","webkit","2026-04-04","passed","2026-04-04","Slots Page - Dynamic Slot Testing","slots.spec.js","",""
"","1143","Login page should not crash","firefox","2026-04-04","passed","2026-04-04","NFR Tests","NFR.spec.js","",""
"","17","Get Payment By ID","webkit","2026-04-04","passed","2026-04-04","Stable API Tests (Using Existing Data)","api.spec.js","",""
"","1388","Confirm booking API request","webkit","2026-04-04","passed","2026-04-04","Booking Page Capstone Tests","Booking.spec.js","",""
"","2846","redirect to login if not logged in","webkit","2026-04-04","passed","2026-04-04","Slots Page - Dynamic Slot Testing","slots.spec.js","",""
"","1263","Verify Home link navigation","chromium","2026-04-04","passed","2026-04-04","Services Page UI Tests","services.spec.js","",""
"","479","Booking page should not crash","chromium","2026-04-04","passed","2026-04-04","NFR Tests","NFR.spec.js","",""
"","6905","Auto refresh after 5 seconds","firefox","2026-04-04","passed","2026-04-04","Bookings Page Tests","bookings.spec.js","",""
"","1929","Register with valid details","chromium","2026-04-04","passed","2026-04-04","","register.spec.js","",""
"","1024","Service price numeric","chromium","2026-04-04","passed","2026-04-04","Booking Page Capstone Tests","Booking.spec.js","",""
"","3497","Services page content visible","firefox","2026-04-04","passed","2026-04-04","NFR Tests","NFR.spec.js","",""
"","214","Booking list container exists","chromium","2026-04-04","passed","2026-04-04","Bookings Page Tests","bookings.spec.js","",""
"","218","Booking list visible","chromium","2026-04-04","passed","2026-04-04","Bookings Page Tests","bookings.spec.js","",""
"","433","Login page loads multiple times","chromium","2026-04-04","passed","2026-04-04","NFR Tests","NFR.spec.js","",""
"","6","Slot table should not be empty","chromium","2026-04-04","passed","2026-04-04","","database.spec.js","",""
"","4","Haircut service price validation","chromium","2026-04-04","passed","2026-04-04","","database.spec.js","",""
"","11","Payment table should not be empty","chromium","2026-04-04","passed","2026-04-04","","database.spec.js","",""
"","2286","late night slots","chromium","2026-04-04","passed","2026-04-04","Slots Page - Dynamic Slot Testing","slots.spec.js","",""
"","447","Verify service images exist","webkit","2026-04-04","passed","2026-04-04","Services Page UI Tests","services.spec.js","",""
"","600","Booking page content visible","firefox","2026-04-04","passed","2026-04-04","NFR Tests","NFR.spec.js","",""
"","30174","Slow network booking","webkit","2026-04-04","broken","2026-04-04","Booking Page Capstone Tests","Booking.spec.js","",""
"","2994","User data API call success","chromium","2026-04-04","passed","2026-04-04","Profile Page Tests","profile.spec.js","",""
"","4","Haircut service price validation","firefox","2026-04-04","passed","2026-04-04","","database.spec.js","",""
"","2223","User data API call success","firefox","2026-04-04","passed","2026-04-04","Profile Page Tests","profile.spec.js","",""
"","1102","Login with wrong password","webkit","2026-04-04","passed","2026-04-04","","login.spec.js","",""
"","19","Slot table should not be empty","webkit","2026-04-04","passed","2026-04-04","","database.spec.js","",""
"","515","Name is displayed","webkit","2026-04-04","passed","2026-04-04","Profile Page Tests","profile.spec.js","",""
"","1013","Register with empty confirm password","webkit","2026-04-04","passed","2026-04-04","","register.spec.js","",""
"","480","Booking list container exists","webkit","2026-04-04","passed","2026-04-04","Bookings Page Tests","bookings.spec.js","",""
"","859","Login with invalid email format","chromium","2026-04-04","passed","2026-04-04","","login.spec.js","",""
"","1632","Handle booking success redirect","webkit","2026-04-04","passed","2026-04-04","Booking Page Capstone Tests","Booking.spec.js","",""
"","338","Services page content visible","chromium","2026-04-04","passed","2026-04-04","NFR Tests","NFR.spec.js","",""
"","1247","Verify Home link navigation","firefox","2026-04-04","passed","2026-04-04","Services Page UI Tests","services.spec.js","",""
"","643","Booking list visible","firefox","2026-04-04","passed","2026-04-04","Bookings Page Tests","bookings.spec.js","",""
"","763","Cancel button visible","webkit","2026-04-04","passed","2026-04-04","Booking Page Capstone Tests","Booking.spec.js","",""
"","952","Register with valid email containing dots","webkit","2026-04-04","passed","2026-04-04","","register.spec.js","",""
"","1774","Verify Profile navigation","webkit","2026-04-04","passed","2026-04-04","Services Page UI Tests","services.spec.js","",""
"","1149","SQL Injection should fail","firefox","2026-04-04","passed","2026-04-04","NFR Tests","NFR.spec.js","",""
"","2772","Register with special characters in name","firefox","2026-04-04","passed","2026-04-04","","register.spec.js","",""
"","1101","Name is displayed","firefox","2026-04-04","passed","2026-04-04","Profile Page Tests","profile.spec.js","",""
"","651","User ID is displayed","chromium","2026-04-04","passed","2026-04-04","Profile Page Tests","profile.spec.js","",""
"","569","Email is displayed","chromium","2026-04-04","passed","2026-04-04","Profile Page Tests","profile.spec.js","",""
"","1204","Cancel button visible","webkit","2026-04-04","passed","2026-04-04","Bookings Page Tests","bookings.spec.js","",""
"","8","User table should not be empty","chromium","2026-04-04","passed","2026-04-04","","database.spec.js","",""
"","6","User table should not be empty","webkit","2026-04-04","passed","2026-04-04","","database.spec.js","",""
"","1368","Login page loads multiple times","webkit","2026-04-04","passed","2026-04-04","NFR Tests","NFR.spec.js","",""
"","395","Handle booking success redirect","chromium","2026-04-04","passed","2026-04-04","Booking Page Capstone Tests","Booking.spec.js","",""
"","18","Get Booking By ID","webkit","2026-04-04","failed","2026-04-04","Stable API Tests (Using Existing Data)","api.spec.js","",""
"","1362","Payment success flow","webkit","2026-04-04","passed","2026-04-04","Payment Page Capstone Tests","payment.spec.js","",""
"","646","Service details displayed","chromium","2026-04-04","passed","2026-04-04","Booking Page Capstone Tests","Booking.spec.js","",""
"","1075","Verify services container is visible","firefox","2026-04-04","passed","2026-04-04","Services Page UI Tests","services.spec.js","",""
"","3443","confirm button visible","webkit","2026-04-04","passed","2026-04-04","Slots Page - Dynamic Slot Testing","slots.spec.js","",""
"","1774","Services page loads repeatedly","webkit","2026-04-04","passed","2026-04-04","NFR Tests","NFR.spec.js","",""
"","52","Get User By ID","webkit","2026-04-04","passed","2026-04-04","Stable API Tests (Using Existing Data)","api.spec.js","",""
"","216","Reschedule prompt appears","chromium","2026-04-04","passed","2026-04-04","Bookings Page Tests","bookings.spec.js","",""
"","1023","Login with invalid email format","firefox","2026-04-04","passed","2026-04-04","","login.spec.js","",""
"","690","Logout button visible","firefox","2026-04-04","passed","2026-04-04","Profile Page Tests","profile.spec.js","",""
"","950","Verify services page heading","firefox","2026-04-04","passed","2026-04-04","Services Page UI Tests","services.spec.js","",""
"","17","Get Service By ID","firefox","2026-04-04","passed","2026-04-04","Stable API Tests (Using Existing Data)","api.spec.js","",""
"","472","Page does not crash on load","webkit","2026-04-04","passed","2026-04-04","Profile Page Tests","profile.spec.js","",""
"","2318","slot count valid","chromium","2026-04-04","passed","2026-04-04","Slots Page - Dynamic Slot Testing","slots.spec.js","",""
"","566","Verify navbar visible","chromium","2026-04-04","passed","2026-04-04","Services Page UI Tests","services.spec.js","",""
"","593","Page loads","firefox","2026-04-04","passed","2026-04-04","Bookings Page Tests","bookings.spec.js","",""
"","576","Cancel button visible","firefox","2026-04-04","passed","2026-04-04","Bookings Page Tests","bookings.spec.js","",""
"","243","Cancel button visible","chromium","2026-04-04","passed","2026-04-04","Booking Page Capstone Tests","Booking.spec.js","",""
"","891","Verify service descriptions exist","chromium","2026-04-04","passed","2026-04-04","Services Page UI Tests","services.spec.js","",""
"","661","Reschedule prompt appears","webkit","2026-04-04","passed","2026-04-04","Bookings Page Tests","bookings.spec.js","",""
"","30","Get All Slots","chromium","2026-04-04","passed","2026-04-04","Stable API Tests (Using Existing Data)","api.spec.js","",""
"","853","Profile image visible","firefox","2026-04-04","passed","2026-04-04","Profile Page Tests","profile.spec.js","",""
"","493","Booking list container exists","firefox","2026-04-04","passed","2026-04-04","Bookings Page Tests","bookings.spec.js","",""
"","1201","Profile page loads","webkit","2026-04-04","passed","2026-04-04","Profile Page Tests","profile.spec.js","",""
"","339","Confirm button visible","chromium","2026-04-04","passed","2026-04-04","Booking Page Capstone Tests","Booking.spec.js","",""
"","332","Status badge visible","chromium","2026-04-04","passed","2026-04-04","Bookings Page Tests","bookings.spec.js","",""
"","598","Service details displayed","webkit","2026-04-04","passed","2026-04-04","Booking Page Capstone Tests","Booking.spec.js","",""
"","702","Verify Services link visible","firefox","2026-04-04","passed","2026-04-04","Services Page UI Tests","services.spec.js","",""
"","482","Email is displayed","webkit","2026-04-04","passed","2026-04-04","Profile Page Tests","profile.spec.js","",""
"","816","Navbar is visible","chromium","2026-04-04","passed","2026-04-04","Profile Page Tests","profile.spec.js","",""
"","318","Page refresh retains data","chromium","2026-04-04","passed","2026-04-04","Booking Page Capstone Tests","Booking.spec.js","",""
"","1471","Login with unregistered email","chromium","2026-04-04","passed","2026-04-04","","login.spec.js","",""
"","1014","Register with all fields empty","webkit","2026-04-04","passed","2026-04-04","","register.spec.js","",""
"","716","Logout redirects to login","chromium","2026-04-04","passed","2026-04-04","Profile Page Tests","profile.spec.js","",""
"","268","Pay Now button visible","chromium","2026-04-04","passed","2026-04-04","Bookings Page Tests","bookings.spec.js","",""
"","1066","Login with invalid email format","webkit","2026-04-04","passed","2026-04-04","","login.spec.js","",""
"","1035","Service price numeric","firefox","2026-04-04","passed","2026-04-04","Booking Page Capstone Tests","Booking.spec.js","",""
"","3","Slot time should not be null","chromium","2026-04-04","passed","2026-04-04","","database.spec.js","",""
"","2382","slot click does not reload page","chromium","2026-04-04","passed","2026-04-04","Slots Page - Dynamic Slot Testing","slots.spec.js","",""
"","678","Pay Now redirects","webkit","2026-04-04","passed","2026-04-04","Bookings Page Tests","bookings.spec.js","",""
"","442","Login page should not crash","chromium","2026-04-04","passed","2026-04-04","NFR Tests","NFR.spec.js","",""
"","482","Verify around 20 services displayed","webkit","2026-04-04","passed","2026-04-04","Services Page UI Tests","services.spec.js","",""
"","7","Booking table should not be empty","firefox","2026-04-04","passed","2026-04-04","","database.spec.js","",""
"","2763","Login page load time under 10 seconds","chromium","2026-04-04","passed","2026-04-04","NFR Tests","NFR.spec.js","",""
"","1018","Login button visible","firefox","2026-04-04","passed","2026-04-04","NFR Tests","NFR.spec.js","",""
"","1681","Cancel button navigation","webkit","2026-04-04","passed","2026-04-04","Booking Page Capstone Tests","Booking.spec.js","",""
"","686","Name is displayed","chromium","2026-04-04","passed","2026-04-04","Profile Page Tests","profile.spec.js","",""
"","19100","Login with valid credentials","firefox","2026-04-04","passed","2026-04-04","","login.spec.js","",""
"","953","Time displayed correctly","firefox","2026-04-04","passed","2026-04-04","Payment Page Capstone Tests","payment.spec.js","",""
"","1030","Verify My Bookings navigation","firefox","2026-04-04","passed","2026-04-04","Services Page UI Tests","services.spec.js","",""
"","648","Service name displayed correctly","chromium","2026-04-04","passed","2026-04-04","Payment Page Capstone Tests","payment.spec.js","",""
"","732","Verify price contains rupee symbol","firefox","2026-04-04","passed","2026-04-04","Services Page UI Tests","services.spec.js","",""
"","30087","Profile values not empty","chromium","2026-04-04","broken","2026-04-04","Profile Page Tests","profile.spec.js","",""
"","304","Password field visible","chromium","2026-04-04","passed","2026-04-04","NFR Tests","NFR.spec.js","",""
"","55","Get User By ID","firefox","2026-04-04","passed","2026-04-04","Stable API Tests (Using Existing Data)","api.spec.js","",""
"","1051","Verify serviceId present in redirect URL","webkit","2026-04-04","passed","2026-04-04","Services Page UI Tests","services.spec.js","",""
"","298","Email input field visible","chromium","2026-04-04","passed","2026-04-04","NFR Tests","NFR.spec.js","",""
"","3","Verify Deepika user exists","firefox","2026-04-04","passed","2026-04-04","","database.spec.js","",""
"","86","Get All Users","chromium","2026-04-04","passed","2026-04-04","Stable API Tests (Using Existing Data)","api.spec.js","",""
"","571","Verify services are loaded","webkit","2026-04-04","passed","2026-04-04","Services Page UI Tests","services.spec.js","",""
"","739","Date displayed correctly","webkit","2026-04-04","passed","2026-04-04","Payment Page Capstone Tests","payment.spec.js","",""
"","3419","Register with empty email","chromium","2026-04-04","passed","2026-04-04","","register.spec.js","",""
"","2423","alert if no slot selected","chromium","2026-04-04","passed","2026-04-04","Slots Page - Dynamic Slot Testing","slots.spec.js","",""
"","412","Cancel dialog appears","firefox","2026-04-04","passed","2026-04-04","Bookings Page Tests","bookings.spec.js","",""
"","12","Payment status should be PAID","firefox","2026-04-04","passed","2026-04-04","","database.spec.js","",""
"","3555","Register with spaces in email","chromium","2026-04-04","passed","2026-04-04","","register.spec.js","",""
"","1245","Login page loads multiple times","firefox","2026-04-04","passed","2026-04-04","NFR Tests","NFR.spec.js","",""
"","917","Login button visible","chromium","2026-04-04","passed","2026-04-04","NFR Tests","NFR.spec.js","",""
"","852","Verify around 20 services displayed","firefox","2026-04-04","passed","2026-04-04","Services Page UI Tests","services.spec.js","",""
"","425","Payment failure shows alert","chromium","2026-04-04","passed","2026-04-04","Payment Page Capstone Tests","payment.spec.js","",""
"","682","Email input field visible","firefox","2026-04-04","passed","2026-04-04","NFR Tests","NFR.spec.js","",""
"","1150","Login with both fields empty","webkit","2026-04-04","passed","2026-04-04","","login.spec.js","",""
"","18","Get All Services","webkit","2026-04-04","passed","2026-04-04","Stable API Tests (Using Existing Data)","api.spec.js","",""
"","614","Service name visible","firefox","2026-04-04","passed","2026-04-04","Bookings Page Tests","bookings.spec.js","",""
"","208","Page does not crash when no bookings","chromium","2026-04-04","passed","2026-04-04","Bookings Page Tests","bookings.spec.js","",""
"","1535","Register with name containing space","firefox","2026-04-04","passed","2026-04-04","","register.spec.js","",""
"","323","Verify service images are visible","chromium","2026-04-04","passed","2026-04-04","Services Page UI Tests","services.spec.js","",""
"","1017","Register with valid details","webkit","2026-04-04","passed","2026-04-04","","register.spec.js","",""
"","682","Cancel dialog appears","webkit","2026-04-04","passed","2026-04-04","Bookings Page Tests","bookings.spec.js","",""
"","612","Booking list visible","webkit","2026-04-04","passed","2026-04-04","Bookings Page Tests","bookings.spec.js","",""
"","1102","Booking page loads repeatedly","webkit","2026-04-04","passed","2026-04-04","NFR Tests","NFR.spec.js","",""
"","443","Verify price contains rupee symbol","chromium","2026-04-04","passed","2026-04-04","Services Page UI Tests","services.spec.js","",""
"","13","Get Service By ID","webkit","2026-04-04","passed","2026-04-04","Stable API Tests (Using Existing Data)","api.spec.js","",""
"","694","Logout redirects to login","webkit","2026-04-04","passed","2026-04-04","Profile Page Tests","profile.spec.js","",""
"","880","Browser navigation back works","chromium","2026-04-04","passed","2026-04-04","NFR Tests","NFR.spec.js","",""
"","848","Booking page loads","webkit","2026-04-04","passed","2026-04-04","Booking Page Capstone Tests","Booking.spec.js","",""
"","18","Get All Services","firefox","2026-04-04","passed","2026-04-04","Stable API Tests (Using Existing Data)","api.spec.js","",""
"","3","Verify Deepika user exists","chromium","2026-04-04","passed","2026-04-04","","database.spec.js","",""
"","14","Get Service By ID","chromium","2026-04-04","passed","2026-04-04","Stable API Tests (Using Existing Data)","api.spec.js","",""
"","614","Service name visible","webkit","2026-04-04","passed","2026-04-04","Bookings Page Tests","bookings.spec.js","",""
"","21","Get Payment By Booking","webkit","2026-04-04","failed","2026-04-04","Stable API Tests (Using Existing Data)","api.spec.js","",""
"","625","Services page loads repeatedly","chromium","2026-04-04","passed","2026-04-04","NFR Tests","NFR.spec.js","",""
"","1003","Verify clicking Book Now redirects to slots page","firefox","2026-04-04","passed","2026-04-04","Services Page UI Tests","services.spec.js","",""
"","1043","Verify services page heading","chromium","2026-04-04","passed","2026-04-04","Services Page UI Tests","services.spec.js","",""
"","3552","Register with short password","chromium","2026-04-04","passed","2026-04-04","","register.spec.js","",""
"","58","Get Bookings By User","firefox","2026-04-04","passed","2026-04-04","Stable API Tests (Using Existing Data)","api.spec.js","",""
"","63","Get All Payments","chromium","2026-04-04","passed","2026-04-04","Stable API Tests (Using Existing Data)","api.spec.js","",""
"","664","Prevent DOM price tampering","firefox","2026-04-04","passed","2026-04-04","Booking Page Capstone Tests","Booking.spec.js","",""
"","2007","Prevent DOM price tampering","webkit","2026-04-04","passed","2026-04-04","Booking Page Capstone Tests","Booking.spec.js","",""
"","757","Verify Book Now button enabled","firefox","2026-04-04","passed","2026-04-04","Services Page UI Tests","services.spec.js","",""
"","828","Invalid slotId handled","firefox","2026-04-04","passed","2026-04-04","Booking Page Capstone Tests","Booking.spec.js","",""
"","1488","Handle booking failure alert","webkit","2026-04-04","passed","2026-04-04","Booking Page Capstone Tests","Booking.spec.js","",""
"","793","Account status is Active","firefox","2026-04-04","passed","2026-04-04","Profile Page Tests","profile.spec.js","",""
"","867","Page does not crash when no bookings","webkit","2026-04-04","passed","2026-04-04","Bookings Page Tests","bookings.spec.js","",""
"","1072","Cancel button visible","firefox","2026-04-04","passed","2026-04-04","Booking Page Capstone Tests","Booking.spec.js","",""
"","3145","Register with special characters in name","chromium","2026-04-04","passed","2026-04-04","","register.spec.js","",""
"","5","Verify Deepika user exists","webkit","2026-04-04","passed","2026-04-04","","database.spec.js","",""
"","2318","service info loads","chromium","2026-04-04","passed","2026-04-04","Slots Page - Dynamic Slot Testing","slots.spec.js","",""
"","1378","Login with empty password","firefox","2026-04-04","passed","2026-04-04","","login.spec.js","",""
"","24","Get Bookings By User","chromium","2026-04-04","passed","2026-04-04","Stable API Tests (Using Existing Data)","api.spec.js","",""
"","1033","Verify service descriptions exist","firefox","2026-04-04","passed","2026-04-04","Services Page UI Tests","services.spec.js","",""
"","2362","Slow network booking","chromium","2026-04-04","passed","2026-04-04","Booking Page Capstone Tests","Booking.spec.js","",""
"","763","Services page should not crash","webkit","2026-04-04","passed","2026-04-04","NFR Tests","NFR.spec.js","",""
"","784","Verify services are loaded","chromium","2026-04-04","passed","2026-04-04","Services Page UI Tests","services.spec.js","",""
"","989","Date displayed correctly","firefox","2026-04-04","passed","2026-04-04","Payment Page Capstone Tests","payment.spec.js","",""
"","16","Get Slot By ID","firefox","2026-04-04","passed","2026-04-04","Stable API Tests (Using Existing Data)","api.spec.js","",""
"","819","Page title should exist","webkit","2026-04-04","passed","2026-04-04","NFR Tests","NFR.spec.js","",""
"","4010","select slot","webkit","2026-04-04","passed","2026-04-04","Slots Page - Dynamic Slot Testing","slots.spec.js","",""
"","1002","Handle booking failure alert","firefox","2026-04-04","passed","2026-04-04","Booking Page Capstone Tests","Booking.spec.js","",""
"","507","Profile values not empty","webkit","2026-04-04","passed","2026-04-04","Profile Page Tests","profile.spec.js","",""
"","35057","Register with name containing space","chromium","2026-04-04","broken","2026-04-04","","register.spec.js","",""
"","6220","Auto refresh after 5 seconds","chromium","2026-04-04","passed","2026-04-04","Bookings Page Tests","bookings.spec.js","",""
"","711","Confirm button visible","webkit","2026-04-04","passed","2026-04-04","Booking Page Capstone Tests","Booking.spec.js","",""
"","831","Booking card count greater than zero","webkit","2026-04-04","passed","2026-04-04","Bookings Page Tests","bookings.spec.js","",""
"","1251","Register with password mismatch","chromium","2026-04-04","passed","2026-04-04","","register.spec.js","",""
"","567","Services page load time under 10 seconds","firefox","2026-04-04","passed","2026-04-04","NFR Tests","NFR.spec.js","",""
"","648","Password field visible","webkit","2026-04-04","passed","2026-04-04","NFR Tests","NFR.spec.js","",""
"","22","Get Payment By Booking","chromium","2026-04-04","failed","2026-04-04","Stable API Tests (Using Existing Data)","api.spec.js","",""
"","785","Verify Book Now button enabled","webkit","2026-04-04","passed","2026-04-04","Services Page UI Tests","services.spec.js","",""
"","330","Booking page content visible","chromium","2026-04-04","passed","2026-04-04","NFR Tests","NFR.spec.js","",""
"","61","Get Bookings By User","webkit","2026-04-04","passed","2026-04-04","Stable API Tests (Using Existing Data)","api.spec.js","",""
"","2644","Verify navbar visible","firefox","2026-04-04","passed","2026-04-04","Services Page UI Tests","services.spec.js","",""
"","313","Payment options visible","chromium","2026-04-04","passed","2026-04-04","Payment Page Capstone Tests","payment.spec.js","",""
"","1040","Register with name containing space","webkit","2026-04-04","passed","2026-04-04","","register.spec.js","",""
"","2533","late night slots","webkit","2026-04-04","passed","2026-04-04","Slots Page - Dynamic Slot Testing","slots.spec.js","",""
"","5166","Register with short name","chromium","2026-04-04","passed","2026-04-04","","register.spec.js","",""
"","603","Navbar loads correctly","chromium","2026-04-04","passed","2026-04-04","Profile Page Tests","profile.spec.js","",""
"","482","Verify Profile navigation","chromium","2026-04-04","passed","2026-04-04","Services Page UI Tests","services.spec.js","",""
"","1105","Browser navigation back works","webkit","2026-04-04","passed","2026-04-04","NFR Tests","NFR.spec.js","",""
"","15","Get All Services","chromium","2026-04-04","passed","2026-04-04","Stable API Tests (Using Existing Data)","api.spec.js","",""
"","2354","select slot","chromium","2026-04-04","passed","2026-04-04","Slots Page - Dynamic Slot Testing","slots.spec.js","",""
"","422","Verify service images exist","chromium","2026-04-04","passed","2026-04-04","Services Page UI Tests","services.spec.js","",""
"","816","Service name displayed correctly","firefox","2026-04-04","passed","2026-04-04","Payment Page Capstone Tests","payment.spec.js","",""
"","1085","Login with unregistered email","webkit","2026-04-04","passed","2026-04-04","","login.spec.js","",""
"","611","Verify service images are visible","webkit","2026-04-04","passed","2026-04-04","Services Page UI Tests","services.spec.js","",""
"","5","Slot table should not be empty","firefox","2026-04-04","passed","2026-04-04","","database.spec.js","",""
"","20","Get All Bookings","firefox","2026-04-04","passed","2026-04-04","Stable API Tests (Using Existing Data)","api.spec.js","",""
"","565","Email input field visible","webkit","2026-04-04","passed","2026-04-04","NFR Tests","NFR.spec.js","",""
"","948","Payment failure shows alert","firefox","2026-04-04","passed","2026-04-04","Payment Page Capstone Tests","payment.spec.js","",""
"","1107","Invalid login should stay on login page","webkit","2026-04-04","passed","2026-04-04","NFR Tests","NFR.spec.js","",""
"","1015","Register with long name","webkit","2026-04-04","passed","2026-04-04","","register.spec.js","",""
"","1043","Register with invalid email format","webkit","2026-04-04","passed","2026-04-04","","register.spec.js","",""
"","910","Navbar is visible","firefox","2026-04-04","passed","2026-04-04","Profile Page Tests","profile.spec.js","",""
"","646","Verify service names exist","webkit","2026-04-04","passed","2026-04-04","Services Page UI Tests","services.spec.js","",""
"","884","Login with wrong password","chromium","2026-04-04","passed","2026-04-04","","login.spec.js","",""
"","6513","Auto refresh after 5 seconds","webkit","2026-04-04","passed","2026-04-04","Bookings Page Tests","bookings.spec.js","",""
"","1034","Register with password mismatch","webkit","2026-04-04","passed","2026-04-04","","register.spec.js","",""
"","1350","Profile values not empty","firefox","2026-04-04","passed","2026-04-04","Profile Page Tests","profile.spec.js","",""
"","2258","date should be today","chromium","2026-04-04","passed","2026-04-04","Slots Page - Dynamic Slot Testing","slots.spec.js","",""
"","304","Confirm booking API request","chromium","2026-04-04","passed","2026-04-04","Booking Page Capstone Tests","Booking.spec.js","",""
"","20","Get Payment By Booking","firefox","2026-04-04","failed","2026-04-04","Stable API Tests (Using Existing Data)","api.spec.js","",""
"","731","Login page should not crash","webkit","2026-04-04","passed","2026-04-04","NFR Tests","NFR.spec.js","",""
"","465","Status badge visible","webkit","2026-04-04","passed","2026-04-04","Bookings Page Tests","bookings.spec.js","",""
"","22","Get Payment By ID","chromium","2026-04-04","passed","2026-04-04","Stable API Tests (Using Existing Data)","api.spec.js","",""
"","545","Services page load time under 10 seconds","webkit","2026-04-04","passed","2026-04-04","NFR Tests","NFR.spec.js","",""
"","639","Services page load time under 10 seconds","chromium","2026-04-04","passed","2026-04-04","NFR Tests","NFR.spec.js","",""
"","512","Service price numeric","webkit","2026-04-04","passed","2026-04-04","Booking Page Capstone Tests","Booking.spec.js","",""
"","1093","Booking date correct","firefox","2026-04-04","passed","2026-04-04","Booking Page Capstone Tests","Booking.spec.js","",""
"","1028","Register with special characters in name","webkit","2026-04-04","passed","2026-04-04","","register.spec.js","",""
"","612","Booking page should not crash","firefox","2026-04-04","passed","2026-04-04","NFR Tests","NFR.spec.js","",""
"","9741","Page does not crash on load","chromium","2026-04-04","passed","2026-04-04","Profile Page Tests","profile.spec.js","",""
"","6082","Register with invalid email format","firefox","2026-04-04","failed","2026-04-04","","register.spec.js","",""
"","573","Invalid slotId handled","webkit","2026-04-04","passed","2026-04-04","Booking Page Capstone Tests","Booking.spec.js","",""
"","812","Services page content visible","webkit","2026-04-04","passed","2026-04-04","NFR Tests","NFR.spec.js","",""
"","2983","alert if no slot selected","webkit","2026-04-04","passed","2026-04-04","Slots Page - Dynamic Slot Testing","slots.spec.js","",""
"","479","Profile container visible","webkit","2026-04-04","passed","2026-04-04","Profile Page Tests","profile.spec.js","",""
"","2611","slot format AM/PM","webkit","2026-04-04","passed","2026-04-04","Slots Page - Dynamic Slot Testing","slots.spec.js","",""
"","795","Verify service images exist","firefox","2026-04-04","passed","2026-04-04","Services Page UI Tests","services.spec.js","",""
"","621","Profile page loads","chromium","2026-04-04","passed","2026-04-04","Profile Page Tests","profile.spec.js","",""
"","511","Password field visible","firefox","2026-04-04","passed","2026-04-04","NFR Tests","NFR.spec.js","",""
"","557","Verify clicking Book Now redirects to slots page","chromium","2026-04-04","passed","2026-04-04","Services Page UI Tests","services.spec.js","",""
"","1338","Profile initial is correct length","firefox","2026-04-04","passed","2026-04-04","Profile Page Tests","profile.spec.js","",""
"","1690","Verify Login navigation","webkit","2026-04-04","passed","2026-04-04","Services Page UI Tests","services.spec.js","",""
"","666","Profile initial is correct length","chromium","2026-04-04","passed","2026-04-04","Profile Page Tests","profile.spec.js","",""
"","536","Verify services container is visible","webkit","2026-04-04","passed","2026-04-04","Services Page UI Tests","services.spec.js","",""
"","1473","Verify My Bookings navigation","webkit","2026-04-04","passed","2026-04-04","Services Page UI Tests","services.spec.js","",""
"","1209","Register with empty password","firefox","2026-04-04","passed","2026-04-04","","register.spec.js","",""
"","604","Login button visible","webkit","2026-04-04","passed","2026-04-04","NFR Tests","NFR.spec.js","",""
"","3010","slot format AM/PM","firefox","2026-04-04","passed","2026-04-04","Slots Page - Dynamic Slot Testing","slots.spec.js","",""
"","5331","only one slot selected","firefox","2026-04-04","passed","2026-04-04","Slots Page - Dynamic Slot Testing","slots.spec.js","",""
"","883","Payment page loads","webkit","2026-04-04","passed","2026-04-04","Payment Page Capstone Tests","payment.spec.js","",""
"","801","Service name displayed correctly","webkit","2026-04-04","passed","2026-04-04","Payment Page Capstone Tests","payment.spec.js","",""
"","970","Payment success flow","firefox","2026-04-04","passed","2026-04-04","Payment Page Capstone Tests","payment.spec.js","",""
"","485","Date displayed correctly","chromium","2026-04-04","passed","2026-04-04","Payment Page Capstone Tests","payment.spec.js","",""
"","646","Slot time displayed","webkit","2026-04-04","passed","2026-04-04","Booking Page Capstone Tests","Booking.spec.js","",""
"","2817","select slot","firefox","2026-04-04","passed","2026-04-04","Slots Page - Dynamic Slot Testing","slots.spec.js","",""
"","342","Verify around 20 services displayed","chromium","2026-04-04","passed","2026-04-04","Services Page UI Tests","services.spec.js","",""
"","26","Get All Slots","webkit","2026-04-04","passed","2026-04-04","Stable API Tests (Using Existing Data)","api.spec.js","",""
"","33","Get All Bookings","webkit","2026-04-04","passed","2026-04-04","Stable API Tests (Using Existing Data)","api.spec.js","",""
"","493","Payment page loads","chromium","2026-04-04","passed","2026-04-04","Payment Page Capstone Tests","payment.spec.js","",""
"","697","Login page DOM loads correctly","webkit","2026-04-04","passed","2026-04-04","NFR Tests","NFR.spec.js","",""
"","33","Get All Slots","firefox","2026-04-04","passed","2026-04-04","Stable API Tests (Using Existing Data)","api.spec.js","",""
"","635","Reschedule button visible","firefox","2026-04-04","passed","2026-04-04","Bookings Page Tests","bookings.spec.js","",""
"","575","Reschedule button visible","webkit","2026-04-04","passed","2026-04-04","Bookings Page Tests","bookings.spec.js","",""
"","520","Reschedule prompt appears","firefox","2026-04-04","passed","2026-04-04","Bookings Page Tests","bookings.spec.js","",""
"","232","Invalid slotId handled","chromium","2026-04-04","passed","2026-04-04","Booking Page Capstone Tests","Booking.spec.js","",""
"","1565","Navbar loads correctly","firefox","2026-04-04","passed","2026-04-04","Profile Page Tests","profile.spec.js","",""
"","336","Prevent DOM price tampering","chromium","2026-04-04","passed","2026-04-04","Booking Page Capstone Tests","Booking.spec.js","",""
"","1297","Verify services are loaded","firefox","2026-04-04","passed","2026-04-04","Services Page UI Tests","services.spec.js","",""
"","832","Register with valid email containing dots","firefox","2026-04-04","passed","2026-04-04","","register.spec.js","",""
"","15","Get Slot By ID","chromium","2026-04-04","passed","2026-04-04","Stable API Tests (Using Existing Data)","api.spec.js","",""
"","6417","Register with valid details","firefox","2026-04-04","failed","2026-04-04","","register.spec.js","",""
"","406","Verify Services link visible","chromium","2026-04-04","passed","2026-04-04","Services Page UI Tests","services.spec.js","",""
"","527","Verify My Bookings navigation","chromium","2026-04-04","passed","2026-04-04","Services Page UI Tests","services.spec.js","",""
"","446","Profile image visible","chromium","2026-04-04","passed","2026-04-04","Profile Page Tests","profile.spec.js","",""
"","1170","Services page should not crash","firefox","2026-04-04","passed","2026-04-04","NFR Tests","NFR.spec.js","",""
"","1491","Invalid login should stay on login page","chromium","2026-04-04","passed","2026-04-04","NFR Tests","NFR.spec.js","",""
"","351","Cancel button navigation","chromium","2026-04-04","passed","2026-04-04","Booking Page Capstone Tests","Booking.spec.js","",""
"","35085","Register with valid email containing dots","chromium","2026-04-04","broken","2026-04-04","","register.spec.js","",""
"","274","Booking card count greater than zero","chromium","2026-04-04","passed","2026-04-04","Bookings Page Tests","bookings.spec.js","",""
"","438","Navbar loads correctly","webkit","2026-04-04","passed","2026-04-04","Profile Page Tests","profile.spec.js","",""
"","13","Get Slot By ID","webkit","2026-04-04","passed","2026-04-04","Stable API Tests (Using Existing Data)","api.spec.js","",""
"","678","Payment options visible","webkit","2026-04-04","passed","2026-04-04","Payment Page Capstone Tests","payment.spec.js","",""
"","1489","Register with password mismatch","firefox","2026-04-04","passed","2026-04-04","","register.spec.js","",""
"","1618","Login with empty email","chromium","2026-04-04","passed","2026-04-04","","login.spec.js","",""
"","5541","Login with valid credentials","chromium","2026-04-04","failed","2026-04-04","","login.spec.js","",""
"","4278","Cancel dialog appears","chromium","2026-04-04","passed","2026-04-04","Bookings Page Tests","bookings.spec.js","",""
"","1059","Select payment method","webkit","2026-04-04","passed","2026-04-04","Payment Page Capstone Tests","payment.spec.js","",""
"","1461","Page does not crash on load","firefox","2026-04-04","passed","2026-04-04","Profile Page Tests","profile.spec.js","",""
"","385","Services page should not crash","chromium","2026-04-04","passed","2026-04-04","NFR Tests","NFR.spec.js","",""
"","16","Get All Payments","firefox","2026-04-04","passed","2026-04-04","Stable API Tests (Using Existing Data)","api.spec.js","",""
"","966","Login with empty email","webkit","2026-04-04","passed","2026-04-04","","login.spec.js","",""
"","635","Verify Book Now button exists","firefox","2026-04-04","passed","2026-04-04","Services Page UI Tests","services.spec.js","",""
"","2610","date should be today","webkit","2026-04-04","passed","2026-04-04","Slots Page - Dynamic Slot Testing","slots.spec.js","",""
"","6500","Register with long name","firefox","2026-04-04","failed","2026-04-04","","register.spec.js","",""
"","24","Get Booking By ID","chromium","2026-04-04","failed","2026-04-04","Stable API Tests (Using Existing Data)","api.spec.js","",""
"","483","Verify service names exist","chromium","2026-04-04","passed","2026-04-04","Services Page UI Tests","services.spec.js","",""
"","1041","Verify service prices exist","firefox","2026-04-04","passed","2026-04-04","Services Page UI Tests","services.spec.js","",""
"","1200","Verify service names exist","firefox","2026-04-04","passed","2026-04-04","Services Page UI Tests","services.spec.js","",""
"","3184","Booking page loads","firefox","2026-04-04","passed","2026-04-04","Booking Page Capstone Tests","Booking.spec.js","",""
"","1039","Verify clicking Book Now redirects to slots page","webkit","2026-04-04","passed","2026-04-04","Services Page UI Tests","services.spec.js","",""
"","1204","Direct booking page access","firefox","2026-04-04","passed","2026-04-04","NFR Tests","NFR.spec.js","",""
"","2572","slot count valid","webkit","2026-04-04","passed","2026-04-04","Slots Page - Dynamic Slot Testing","slots.spec.js","",""
"","390","User data API call success","webkit","2026-04-04","passed","2026-04-04","Profile Page Tests","profile.spec.js","",""
"","851","Select payment method","firefox","2026-04-04","passed","2026-04-04","Payment Page Capstone Tests","payment.spec.js","",""
"","658","Verify Login navigation","chromium","2026-04-04","passed","2026-04-04","Services Page UI Tests","services.spec.js","",""
"","629","Login page DOM loads correctly","firefox","2026-04-04","passed","2026-04-04","NFR Tests","NFR.spec.js","",""
"","4","Slot time should not be null","webkit","2026-04-04","passed","2026-04-04","","database.spec.js","",""
"","4","Booking table should not be empty","webkit","2026-04-04","passed","2026-04-04","","database.spec.js","",""
"","465","Verify services container is visible","chromium","2026-04-04","passed","2026-04-04","Services Page UI Tests","services.spec.js","",""
"","18","Get All Payments","webkit","2026-04-04","passed","2026-04-04","Stable API Tests (Using Existing Data)","api.spec.js","",""
"","2281","confirm button visible","chromium","2026-04-04","passed","2026-04-04","Slots Page - Dynamic Slot Testing","slots.spec.js","",""
"","2632","confirm button visible","firefox","2026-04-04","passed","2026-04-04","Slots Page - Dynamic Slot Testing","slots.spec.js","",""
"","56","Get All Users","firefox","2026-04-04","passed","2026-04-04","Stable API Tests (Using Existing Data)","api.spec.js","",""
"","325","Direct booking page access","chromium","2026-04-04","passed","2026-04-04","NFR Tests","NFR.spec.js","",""
"","1352","Verify Home link navigation","webkit","2026-04-04","passed","2026-04-04","Services Page UI Tests","services.spec.js","",""
"","441","Verify Book Now button enabled","chromium","2026-04-04","passed","2026-04-04","Services Page UI Tests","services.spec.js","",""
"","2884","Browser navigation back works","firefox","2026-04-04","passed","2026-04-04","NFR Tests","NFR.spec.js","",""
"","836","Login with unregistered email","firefox","2026-04-04","passed","2026-04-04","","login.spec.js","",""
"","243","Cancel button visible","chromium","2026-04-04","passed","2026-04-04","Bookings Page Tests","bookings.spec.js","",""
"","826","Email is displayed","firefox","2026-04-04","passed","2026-04-04","Profile Page Tests","profile.spec.js","",""
"","1002","Register with short password","webkit","2026-04-04","passed","2026-04-04","","register.spec.js","",""
"","4412","slots should render","firefox","2026-04-04","passed","2026-04-04","Slots Page - Dynamic Slot Testing","slots.spec.js","",""
"","801","Booking date correct","webkit","2026-04-04","passed","2026-04-04","Booking Page Capstone Tests","Booking.spec.js","",""
"","21","Payment status should be PAID","webkit","2026-04-04","passed","2026-04-04","","database.spec.js","",""
"","1076","Register with empty name","webkit","2026-04-04","passed","2026-04-04","","register.spec.js","",""
"","14984","SQL Injection should fail","chromium","2026-04-04","passed","2026-04-04","NFR Tests","NFR.spec.js","",""
"","30104","Booking date correct","chromium","2026-04-04","broken","2026-04-04","Booking Page Capstone Tests","Booking.spec.js","",""
"","13","Payment status should be PAID","chromium","2026-04-04","passed","2026-04-04","","database.spec.js","",""
"","540","Verify price contains rupee symbol","webkit","2026-04-04","passed","2026-04-04","Services Page UI Tests","services.spec.js","",""
"","2588","Register with empty password","chromium","2026-04-04","passed","2026-04-04","","register.spec.js","",""
"","5","Booking status validation","webkit","2026-04-04","failed","2026-04-04","","database.spec.js","",""
"","1361","Register with empty confirm password","firefox","2026-04-04","passed","2026-04-04","","register.spec.js","",""
"","411","Profile image visible","webkit","2026-04-04","passed","2026-04-04","Profile Page Tests","profile.spec.js","",""
"","7","User table should not be empty","firefox","2026-04-04","passed","2026-04-04","","database.spec.js","",""
"","526","Booking cards load","webkit","2026-04-04","passed","2026-04-04","Bookings Page Tests","bookings.spec.js","",""
"","441","Booking page loads repeatedly","chromium","2026-04-04","passed","2026-04-04","NFR Tests","NFR.spec.js","",""
"","1759","Profile container visible","firefox","2026-04-04","passed","2026-04-04","Profile Page Tests","profile.spec.js","",""
"","756","Time displayed correctly","chromium","2026-04-04","passed","2026-04-04","Payment Page Capstone Tests","payment.spec.js","",""
"","210","Reschedule button visible","chromium","2026-04-04","passed","2026-04-04","Bookings Page Tests","bookings.spec.js","",""
"","690","Status badge visible","firefox","2026-04-04","passed","2026-04-04","Bookings Page Tests","bookings.spec.js","",""
"","3297","late night slots","firefox","2026-04-04","passed","2026-04-04","Slots Page - Dynamic Slot Testing","slots.spec.js","",""
"","2376","only one slot selected","chromium","2026-04-04","passed","2026-04-04","Slots Page - Dynamic Slot Testing","slots.spec.js","",""
"","724","Verify service descriptions exist","webkit","2026-04-04","passed","2026-04-04","Services Page UI Tests","services.spec.js","",""
"","2638","Service details displayed","firefox","2026-04-04","passed","2026-04-04","Booking Page Capstone Tests","Booking.spec.js","",""
"","762","Register with all fields empty","chromium","2026-04-04","passed","2026-04-04","","register.spec.js","",""
"","1069","Page title should exist","firefox","2026-04-04","passed","2026-04-04","NFR Tests","NFR.spec.js","",""
"","1509","Booking page loads repeatedly","firefox","2026-04-04","passed","2026-04-04","NFR Tests","NFR.spec.js","",""
"","2465","redirect to login if not logged in","chromium","2026-04-04","passed","2026-04-04","Slots Page - Dynamic Slot Testing","slots.spec.js","",""
"","15","Payment table should not be empty","webkit","2026-04-04","passed","2026-04-04","","database.spec.js","",""
"","1402","Register with empty password","webkit","2026-04-04","passed","2026-04-04","","register.spec.js","",""
"","2980","Booking page load time under 10 seconds","chromium","2026-04-04","passed","2026-04-04","NFR Tests","NFR.spec.js","",""
"","2979","slot click does not reload page","firefox","2026-04-04","passed","2026-04-04","Slots Page - Dynamic Slot Testing","slots.spec.js","",""
"","59","Get All Users","webkit","2026-04-04","passed","2026-04-04","Stable API Tests (Using Existing Data)","api.spec.js","",""
"","1127","Login with both fields empty","firefox","2026-04-04","passed","2026-04-04","","login.spec.js","",""
"","3","Booking table should not be empty","chromium","2026-04-04","passed","2026-04-04","","database.spec.js","",""
"","2140","Register with short name","firefox","2026-04-04","passed","2026-04-04","","register.spec.js","",""
"","492","Pay Now button visible","webkit","2026-04-04","passed","2026-04-04","Bookings Page Tests","bookings.spec.js","",""
"","19540","Price displayed correctly","chromium","2026-04-04","passed","2026-04-04","Payment Page Capstone Tests","payment.spec.js","",""
"","919","Register with spaces in email","firefox","2026-04-04","passed","2026-04-04","","register.spec.js","",""
"","534","Verify Book Now button exists","webkit","2026-04-04","passed","2026-04-04","Services Page UI Tests","services.spec.js","",""
"","1072","Register with short name","webkit","2026-04-04","passed","2026-04-04","","register.spec.js","",""
"","1121","Register with empty email","webkit","2026-04-04","passed","2026-04-04","","register.spec.js","",""
"","4","Slot time should not be null","firefox","2026-04-04","passed","2026-04-04","","database.spec.js","",""
"","676","Login with both fields empty","chromium","2026-04-04","passed","2026-04-04","","login.spec.js","",""
"","533","Booking page loads","chromium","2026-04-04","passed","2026-04-04","Booking Page Capstone Tests","Booking.spec.js","",""
"","513","Profile initial is correct length","webkit","2026-04-04","passed","2026-04-04","Profile Page Tests","profile.spec.js","",""
"","621","Logout button visible","chromium","2026-04-04","passed","2026-04-04","Profile Page Tests","profile.spec.js","",""
"","388","Select payment method","chromium","2026-04-04","passed","2026-04-04","Payment Page Capstone Tests","payment.spec.js","",""
"","1271","Login with wrong password","firefox","2026-04-04","passed","2026-04-04","","login.spec.js","",""
"","831","User ID is displayed","firefox","2026-04-04","passed","2026-04-04","Profile Page Tests","profile.spec.js","",""
"","461","Booking page load time under 10 seconds","webkit","2026-04-04","passed","2026-04-04","NFR Tests","NFR.spec.js","",""
"","3987","Register with invalid email format","chromium","2026-04-04","passed","2026-04-04","","register.spec.js","",""
"","349","Profile container visible","chromium","2026-04-04","passed","2026-04-04","Profile Page Tests","profile.spec.js","",""
"","998","Verify Profile navigation","firefox","2026-04-04","passed","2026-04-04","Services Page UI Tests","services.spec.js","",""
"","541","Pay Now redirects","firefox","2026-04-04","passed","2026-04-04","Bookings Page Tests","bookings.spec.js","",""
"","2509","slots should render","webkit","2026-04-04","passed","2026-04-04","Slots Page - Dynamic Slot Testing","slots.spec.js","",""
"","477","Booking page load time under 10 seconds","firefox","2026-04-04","passed","2026-04-04","NFR Tests","NFR.spec.js","",""
"","35074","Payment failure shows alert","webkit","2026-04-04","broken","2026-04-04","Payment Page Capstone Tests","payment.spec.js","",""
"","818","Page does not crash when no bookings","firefox","2026-04-04","passed","2026-04-04","Bookings Page Tests","bookings.spec.js","",""
"","3366","date should be today","firefox","2026-04-04","passed","2026-04-04","Slots Page - Dynamic Slot Testing","slots.spec.js","",""
"","38","Get Booking By ID","firefox","2026-04-04","failed","2026-04-04","Stable API Tests (Using Existing Data)","api.spec.js","",""
